Information,file_path,Layer,Short_Name,Label,Group,Sensitive,Source,Merge
Georgian Bay South Simcoe Aquatic ecosystem classification (AEC) for Ontario,C:\Users\ConservAnalyst\Documents\ConservationAnalyst\GISDatabase\Baselayers\AEC\AEC_V3_GeoHub_Rev0_GPKG_Package04_LakeHuronSouth\w14_Georgian_Bay_South_Simcoe\w14_AEC_V3_GeoHub_Rev0.gpkg\main.w14_Reach_SimpleGeometry_GeoHub,,AEC,,Ecological Priorities,,https://www.arcgis.com/home/item.html?id=76aa2ffb0ae74368b1d245d50726ae24#overview,AEC
Lake Ontatio Central Aquatic ecosystem classification (AEC) for Ontario,C:\Users\ConservAnalyst\Documents\ConservationAnalyst\GISDatabase\Baselayers\AEC\AEC_V3_GeoHub_Rev0_GPKG_Package02_LakeOntario\w04_Lake_Ontario_Central\w04_AEC_V3_GeoHub_Rev0.gpkg\main.w04_Reach_SimpleGeometry_GeoHub,,AEC,,,,https://www.arcgis.com/home/item.html?id=76aa2ffb0ae74368b1d245d50726ae24#overview,AEC
Lake Ontario Kawarthas Aquatic ecosystem classification (AEC) for Ontario,C:\Users\ConservAnalyst\Documents\ConservationAnalyst\GISDatabase\Baselayers\AEC\AEC_V3_GeoHub_Rev0_GPKG_Package02_LakeOntario\w05_Lake_Ontario_Kawarthas\w05_AEC_V3_GeoHub_Rev0.gpkg\main.w05_Reach_SimpleGeometry_GeoHub,,AEC,,,,https://www.arcgis.com/home/item.html?id=76aa2ffb0ae74368b1d245d50726ae24#overview,AEC
"Nearby Conservation Lands (Crown land, Nature Reserves, County forest)",C:/Users/ConservAnalyst/Documents/ConservationAnalyst/GISDatabase/CouchichingData/Other_Orgs/Orillia_Fish_and_Game/GeorgeLangmanSanctuary.shp,,GLSanct,Protected,Mask,,,
"Nearby Conservation Lands (Crown land, Nature Reserves, County forest)",C:/Users/ConservAnalyst/Documents/ConservationAnalyst/GISDatabase/CouchichingData/Other_Orgs/Huronia_Land_Conservation.db.gdb,HuroniaLandConservation,HuronLC,Protected,Mask,,,
UPDATE TO MASTER INDEX FILTERED TO NR AND EASE,,Nature_Reserve_Land_Parcel,NR,Protected,Mask,Couchiching Conservancy,,
"Nearby Conservation Lands (Crown land, Nature Reserves, County forest)",C:/Users/ConservAnalyst/Documents/ConservationAnalyst/GISDatabase/CouchichingData/Other_Orgs/NVCA/DataReq_Name_RefID.gdb,Property_NVCA_ExportFeatures,NVCA,Protected,Mask,,,
"Nearby Conservation Lands (Crown land, Nature Reserves, County forest)",C:/Users/ConservAnalyst/Documents/ConservationAnalyst/GISDatabase/Baselayers/Canadian_Protected_Conserved_Areas_CPCAD/ProtectedConservedArea_2025/ProtectedConservedArea_2025.gdb,ProtectedConservedArea_2025,ProConsArea,Protected,Mask,,,
"Nearby Conservation Lands (Crown land, Nature Reserves, County forest)",C:/Users/ConservAnalyst/Documents/ConservationAnalyst/GISProjects/Baselayer Shapefiles/SimcoeCountyForests/202106_CouchinchingConservancy.gdb,SC_FORESTTRACTS,SimFor,Protected,Mask,Country of Simcoe,,
Nearby Waterbodies,C:/Users/ConservAnalyst/Documents/ConservationAnalyst/GISDatabase/Baselayers/OHN_Waterbody/Non_Sensitive.gdb,UPDATE,OHN_waterbody,Abiotic,No,https://geohub.lio.gov.on.ca/datasets/mnrf::ontario-hydro-network-ohn-waterbody/about,,
Wetland,C:/Users/ConservAnalyst/Documents/ConservationAnalyst/GISDatabase/Baselayers/Wetland/Non_Sensitive.gdb,WETLAND,Prov_wetland,Abiotic,No,https://geohub.lio.gov.on.ca/datasets/mnrf::wetland/explore?location=49.275000%2C-84.498000%2C4,,
Significant Groundwater Recharge (SGRA),C:/Users/ConservAnalyst/Documents/ConservationAnalyst/GISDatabase/Baselayers/LSCRA_Significant_Groundwater_Recharge_Area/Significant_Groundwater_Recharge_Area_(SGRA).shp,,SGRA,Abiotic,No,https://lsrca-open-data-camaps.opendata.arcgis.com/datasets/significant-groundwater-recharge-area-sgra/explore?location=44.596450%2C-79.529750%2C9,,
Soil Survey Complex,C:/Users/ConservAnalyst/Documents/ConservationAnalyst/GISDatabase/Baselayers/Soil_Survey_Complex/Non_Sensitive.gdb,SOIL_SURVEY_COMPLEX,Soil,Abiotic,No,https://geohub.lio.gov.on.ca/datasets/ontarioca11::soil-survey-complex,,
Watershed Boundary,C:/Users/ConservAnalyst/Documents/ConservationAnalyst/GISDatabase/Baselayers/OntarioWatershedDatabase/Non_Sensitive.gdb,ONT_WSHED_BDRY,Watershed,Abiotic,No,https://geohub.lio.gov.on.ca/maps/mnrf::ontario-watershed-boundaries-owb/about,,
County,C:/Users/ConservAnalyst/Documents/ConservationAnalyst/GISDatabase/Baselayers/Municipal_Boundary_Upper_and_District/Non_Sensitive.gdb,,County,Administrative,No,https://geohub.lio.gov.on.ca/datasets/municipal-boundary-upper-tier-and-district/,,
First Nations Reserves,C:/Users/ConservAnalyst/Documents/ConservationAnalyst/GISDatabase/Baselayers/First_Nation_Reserve/Non_Sensitive.gdb,FIRST_NATION_RESERVE,FirstNation,Administrative,No,https://geohub.lio.gov.on.ca/datasets/lio::first-nation-reserve/explore?location=49.261208%2C-84.732487%2C4,,
Geographic Lot Fabric,C:/Users/ConservAnalyst/Documents/ConservationAnalyst/GISProjects/Baselayer Shapefiles/LotFabric_Lio_2021/Geographic_Lot_Fabric_2021.shp,,Lot_Fabric,Administrative,No,https://geohub.lio.gov.on.ca/datasets/lot-fabric-improved/explore?location=50.926000%2C-84.745000%2C4,,
Municipalities,C:/Users/ConservAnalyst/Documents/ConservationAnalyst/GISDatabase/Baselayers/Municipal_Boundary_Lower_and_Single/Non_Sensitive.gdb,MUNIC_BND_LOWER_AND_SINGLE,Municipality,Administrative,No,https://geohub.lio.gov.on.ca/datasets/lio::municipal-boundary-lower-and-single-tier/explore,,
Treaties_1943,C:/Users/ConservAnalyst/Documents/ConservationAnalyst/GISDatabase/CouchichingData/Treaties/TreatiesMorrisMap1943/treaties_202403_geohub.shp,treaties_202403_geohub,Treaties_1943,Administrative,No,https://geohub.lio.gov.on.ca/documents/e146cfcf24694366b52fa304d74d2722/about,,
Aggregate Extraction,C:/Users/ConservAnalyst/Documents/ConservationAnalyst/GISDatabase/Baselayers/Aggregate_Extraction_Area/Non_Sensitive.gdb,AGG_EXTRACTION_AREA,aggregate_extraction,Anthropogenic,No,https://geohub.lio.gov.on.ca/datasets/aggregate-extraction-area/about,,
PermitsToTakeWater,C:/Users/ConservAnalyst/Documents/ConservationAnalyst/GISDatabase/Baselayers/PermitsToTakeWater_06-25/PermitsToTakeWater.shp,,Water_Permits,Anthropogenic,No,https://data.ontario.ca/dataset/permit-to-take-water,,
Area of Natural and Scientific Interest (ANSI),C:/Users/ConservAnalyst/Documents/ConservationAnalyst/GISProjects/Baselayer Shapefiles/ANSI_LIO_2021/Areas_of_Natural_and_Scientific_Interest_ANSI.shp,,ANSI,Biotic,No,https://geohub.lio.gov.on.ca/datasets/areas-of-natural-and-scientific-interest-ansi/about,,
Canadian Important Bird Area,C:/Users/ConservAnalyst/Documents/ConservationAnalyst/GISDatabase/Baselayers/Canadian_Important_Bird_Areas/Canadian_Important_Bird_Areas_17N.shp,,birds,Biotic,No,https://databasin.org/datasets/f7629a3891a3499ab34f6ccc9f76d4f1/,,
Critical Habitat,C:/Users/ConservAnalyst/Documents/ConservationAnalyst/GISDatabase/Baselayers/Critical_Habitat_CWS/CriticalHabitat.gdb,CriticalHabitatArea,Crit_Hab,Biotic,No,https://app.geo.ca/en-ca/map-browser/record/47caa405-be2b-4e9e-8f53-c478ade2ca74,,
Habitat Types,C:/Users/ConservAnalyst/Documents/ConservationAnalyst/GISDatabase/Baselayers/SOLRIS_Version_3_0/SOLRIS_Version_3_0_UTM17N_Clipped.shp,,SOLRIS,Biotic,No,https://geohub.lio.gov.on.ca/documents/0279f65b82314121b5b5ec93d76bc6ba,,
"High Value Habitat (Forest, Wetland, Grassland – Overall Biodiversity Areas – Canadian Wildlife Service",C:/Users/ConservAnalyst/Documents/ConservationAnalyst/GISDatabase/Baselayers/High_Value_Habitats_Biodiversity_Areas_CWS/BCR12_RCO12.gdb,BCR12_HighValue_BiodiversityArea,HVH_biodiv,Biotic,No,https://data-donnees.az.ec.gc.ca/data/species/establishpartnerships/high-value-habitats-and-high-value-biodiversity-areas-biodiversity-atlas-canadian-wildlife-service-ontario-region/bird-conservation-region-12-high-value-habitats-and-high-value-biodiversity-areas-biodiversity-atlas-canadian-wildlife-service-ontario-region/BCR12_RCO12.gdb.zip,,
"High Value Habitat (Forest, Wetland, Grassland – Overall Biodiversity Areas – Canadian Wildlife Service",C:/Users/ConservAnalyst/Documents/ConservationAnalyst/GISDatabase/Baselayers/High_Value_Habitats_Biodiversity_Areas_CWS/BCR12_RCO12.gdb,BCR12_HighValueHabitat_Forest,HVH_for,Biotic,No,https://data-donnees.az.ec.gc.ca/data/species/establishpartnerships/high-value-habitats-and-high-value-biodiversity-areas-biodiversity-atlas-canadian-wildlife-service-ontario-region/bird-conservation-region-12-high-value-habitats-and-high-value-biodiversity-areas-biodiversity-atlas-canadian-wildlife-service-ontario-region/BCR12_RCO12.gdb.zip,,
"High Value Habitat (Forest, Wetland, Grassland – Overall Biodiversity Areas – Canadian Wildlife Service",C:/Users/ConservAnalyst/Documents/ConservationAnalyst/GISDatabase/Baselayers/High_Value_Habitats_Biodiversity_Areas_CWS/BCR12_RCO12.gdb,BCR12_HighValueHabitat_Grassland,HVH_grass,Biotic,No,https://data-donnees.az.ec.gc.ca/data/species/establishpartnerships/high-value-habitats-and-high-value-biodiversity-areas-biodiversity-atlas-canadian-wildlife-service-ontario-region/bird-conservation-region-12-high-value-habitats-and-high-value-biodiversity-areas-biodiversity-atlas-canadian-wildlife-service-ontario-region/BCR12_RCO12.gdb.zip,,
"High Value Habitat (Forest, Wetland, Grassland – Overall Biodiversity Areas – Canadian Wildlife Service",C:/Users/ConservAnalyst/Documents/ConservationAnalyst/GISDatabase/Baselayers/High_Value_Habitats_Biodiversity_Areas_CWS/BCR12_RCO12.gdb,BCR12_HighValueHabitat_Wetland,HVH_wet,Biotic,No,https://data-donnees.az.ec.gc.ca/data/species/establishpartnerships/high-value-habitats-and-high-value-biodiversity-areas-biodiversity-atlas-canadian-wildlife-service-ontario-region/bird-conservation-region-12-high-value-habitats-and-high-value-biodiversity-areas-biodiversity-atlas-canadian-wildlife-service-ontario-region/BCR12_RCO12.gdb.zip,,
Natural Heritage System,C:/Users/ConservAnalyst/Documents/ConservationAnalyst/GISDatabase/Baselayers/Natural_Heritage_System/Non_Sensitive.gdb,,NHS,Biotic,No,https://geohub.lio.gov.on.ca/datasets/natural-heritage-system-area,,
Roads,C:/Users/ConservAnalyst/Documents/ConservationAnalyst/GISProjects/Baselayer Shapefiles/Roads_2021/RoadNetwork_17N_Clipped_kg.shp,,Roads,Infrastructure,No,,,
Trains,C:/Users/ConservAnalyst/Documents/ConservationAnalyst/GISProjects/Baselayer Shapefiles/OntarioRailwayNetwork_Lio_2019/ORWN_TRACK.shp,,Trains,Infrastructure,No,,,
Utility Lines,C:/Users/ConservAnalyst/Documents/ConservationAnalyst/GISProjects/Baselayer Shapefiles/HydroLine_lio_2019/Utility_Line/Utility_line_CC_17N.shp,,UtilityLine,Infrastructure,No,,,
Wells,C:/Users/ConservAnalyst/Documents/ConservationAnalyst/GISDatabase - Copy/CouchichingData/WWIS_2025c/wells_in_CC/wells_in_CC_NAD83_17N.shp,,Wells,Infrastructure,No,https://www.ontario.ca/page/map-well-records,,
GBIF Phrag,C:/Users/ConservAnalyst/Documents/ConservationAnalyst/GISDatabase/CouchichingData/SpeciesR/GBIF_Phrag_in_CC.shp,,GBIF_Phrag,Biotic,No,https://www.gbif.org/,,
Constructed Drains,C:/Users/ConservAnalyst/Documents/ConservationAnalyst/GISDatabase/Baselayers/Constructed_Drain/Constructed_Drain.shp,,Drains,Infrastructure,No,https://geohub.lio.gov.on.ca/datasets/ontarioca11::constructed-drain/explore?location=45.815643%2C-84.512138%2C5,,
Nearby Watercourses,C:/Users/ConservAnalyst/Documents/ConservationAnalyst/GISDatabase/Baselayers/Clipped_to_CC_region/OHN_Watercourse_CCRegion.gpkg,OHN_Watercourse_CCRegion,OHN_watercourse,Abiotic,No ,https://geohub.lio.gov.on.ca/datasets/mnrf::ontario-hydro-network-ohn-watercourse/about,,
Ontario Parcel Fabric: Assessment parcel,C:/Users/ConservAnalyst/Documents/ConservationAnalyst/GISDatabase/Baselayers/Ontario_Parcel_July2025/OntarioParcel_RestrictedUse/ASSESSMENT_PARCEL.shp,,Assessment_parcel,Administrative,Yes,https://data.ontario.ca/dataset/ontario-land-parcels,,
Ontario Parcel Fabric: Ownership,C:/Users/ConservAnalyst/Documents/ConservationAnalyst/GISDatabase/Baselayers/Ontario_Parcel_July2025/OntarioParcel_RestrictedUse/OWNERSHIP_PARCEL.shp,,Parcel_ownership,Administrative,Yes,,,
Alvar,C:/Users/ConservAnalyst/Documents/ConservationAnalyst/GISDatabase/Baselayers/Alvar/Shapefiles_ForCouchichingCons/Alvar_By_Year.shp,,alvar,Biotic,Yes,NCC,,
Loggerhead Nests and Sightings,C:/Users/ConservAnalyst/Documents/ConservationAnalyst/GISDatabase/Baselayers/Loggerhead Shrike/Carden_Nests_and_Sightings_merged.shp,,Shrike_Nests_Sights,Biotic,Yes,?,,
NatureCounts,C:/Users/ConservAnalyst/Documents/ConservationAnalyst/GISDatabase/CouchichingData/NatureCounts/naturecounts_SAR_records.gpkg,records,NatCou,Biotic,Yes,https://naturecounts.ca/nc/default/main.jsp,,
Provincially Tracked Plant Community Occurrences,C:/Users/ConservAnalyst/Documents/ConservationAnalyst/GISDatabase/Baselayers/NHIC_species_SAR/licensed_data/PTSpecies_medium_sensitive.gdb,PTPlantCommunity_Occurrences,PTPlantCom,Biotic,Yes,https://www.ontario.ca/page/get-natural-heritage-information,,
Provincially Tracked Species Observations,C:/Users/ConservAnalyst/Documents/ConservationAnalyst/GISDatabase/Baselayers/NHIC_species_SAR/licensed_data/PTSpecies_medium_sensitive.gdb,PTSpecies_Observations,PTSpp_high,Biotic,Yes,https://www.ontario.ca/page/get-natural-heritage-information,,
Provincially Tracked Species Observations,C:/Users/ConservAnalyst/Documents/ConservationAnalyst/GISDatabase/Baselayers/NHIC_species_SAR/licensed_data/PTSpecies_medium_sensitive.gdb,PTSpecies_Observations,PTSpp_low,Biotic,Yes,https://www.ontario.ca/page/get-natural-heritage-information,,
Provincially Tracked Species Observations,C:/Users/ConservAnalyst/Documents/ConservationAnalyst/GISDatabase/Baselayers/NHIC_species_SAR/licensed_data/PTSpecies_medium_sensitive.gdb,PTSpecies_Observations,PTSpp_med,Biotic,Yes,https://www.ontario.ca/page/get-natural-heritage-information,,
Provincially Tracked Wildlife Concentration Areas,C:/Users/ConservAnalyst/Documents/ConservationAnalyst/GISDatabase/Baselayers/NHIC_species_SAR/licensed_data/PTSpecies_medium_sensitive.gdb,PTWildlifeConcAreas_Observations,PTWild,Biotic,Yes,https://www.ontario.ca/page/get-natural-heritage-information,,
WPC Shrike Data 2010-2024,C:/Users/ConservAnalyst/Documents/ConservationAnalyst/GISDatabase/CouchichingData/Species_Data.gdb,WPC_ShrikeData_2010to2024,WPC_Shrike,Biotic,Yes,WPC,,
"Locations of geographic features and unincorporated places that have been officially named, or are being considered for official naming",C:/Users/ConservAnalyst/Documents/ConservationAnalyst/GISProjects/Baselayer Shapefiles/GeographicNames_Lio_2020/Non_Sensitive.gdb,,Geo_Names,Administrative,No,https://geohub.lio.gov.on.ca/datasets/lio::geographic-names-ontario/about,,
